,logP,MR,EState,ASA,TPSA,Partial_Charges
min,-1.119,0.0,-4.9821370701058205,3.5701822710653963,0.0,-0.6325706229166546
max,0.8857,14.02,15.46277993445763,22.590870627068057,26.02,0.46606339470425157
